"Category","Kategori"
Categories, Kategori
Cart, Troli
How to Pay, Pembayaran
How to Buy, Pembelian
My Favorites, Favorit Saya
Track My Order, Lacak Order
Need help? Call, Butuh bantuan
Login / Register, Masuk / Daftar
Best Selling Product, Produk terlaris
New Products, Produk terbaru
Meat & Poutry, Daging & Unggas
Vegetables, Sayuran
Our Stores, Toko Kami
Special Offer, Tawaran menarik
Store, Toko

Fruit & Vege, Buah & Sayur
Meat & Seafood, Daging & Seafood
Chilled Food, Makanan Dingin
Frozen Food, Makanan Beku
Baby Needs, Kebutuhan Bayi
Breakfast Needs, Kebutuhan Sarapan
Snacking Food, Makanan Camilan
Beverage, Minuman
Dairy, Olahan Susu dan Telur
Home & Cleaning, Produk Kebersihan
Health & Beauty, Kesehatan & Kecantikan
Cooking Needs, Kebutuhan Dapur
Pet Foods, Makanan Hewan
Cigarettes & Tobacco, Rokok
General Merchandise, Produk Umum
Others, Lain - Lain


Daging & Unggas, Meat & Poutry